{"cameraMode":{"drawMode":0,"name":"Shaded","section":"Shading Mode"},"sceneLighting":true,"audioPlay":false,"sceneViewState":{"showFog":true,"showMaterialUpdate":false,"showSkybox":true,"showFlares":true,"showImageEffects":true,"showParticleSystems":true},"in2DMode":false,"pivot":{"x":-1.3094491958618165,"y":2.3606526851654054,"z":-7.809440612792969},"rotation":{"x":0.23877602815628053,"y":-0.14501602947711945,"z":0.036090828478336337,"w":0.9595120549201965},"size":5.033233165740967,"orthographic":false}