{"cameraMode":{"drawMode":0,"name":"Shaded","section":"Shading Mode"},"sceneLighting":true,"audioPlay":false,"sceneViewState":{"showFog":true,"showMaterialUpdate":false,"showSkybox":true,"showFlares":true,"showImageEffects":true,"showParticleSystems":true},"in2DMode":false,"pivot":{"x":-0.7914471626281738,"y":0.2126178741455078,"z":-2.6107444763183595},"rotation":{"x":0.351725697517395,"y":-0.22963447868824006,"z":0.08943524956703186,"w":0.903082549571991},"size":8.798779487609864,"orthographic":false}